172.00,0.0000000,0.0000000
172.00,0.9000000,0.0000000
172.00,1.8000000,0.0000000
172.00,2.6999998,0.0000000
172.00,3.5999999,0.0000000
173.00,4.5000000,0.0000000
172.00,5.4000001,0.0000000
172.00,6.3000002,0.0000000
172.00,7.2000003,0.0000000
171.00,8.1000004,0.0000000
171.00,9.0000000,0.0000000
171.00,9.8999996,0.0000000
171.00,10.7999990,0.0000000
171.00,11.6999990,0.0000000
171.00,12.5999980,0.0000000
171.00,13.4999980,0.0000000
172.00,14.3999980,0.0000000
170.00,15.2999970,0.0000000
172.00,16.1999970,0.0000000
170.00,17.0999970,0.0000000
171.00,17.9999960,0.0000000
171.00,18.8999960,0.0000000
171.00,19.7999950,0.0000000
171.00,20.6999950,0.0000000
171.00,21.5999950,0.0000000
170.00,22.4999940,0.0000000
170.00,23.3999940,0.0000000
171.00,24.2999940,0.0000000
170.00,25.1999930,0.0000000
171.00,26.0999930,0.0000000
171.00,26.9999920,0.0000000
170.00,27.8999920,0.0000000
171.00,28.7999920,0.0000000
171.00,29.6999910,0.0000000
170.00,30.5999910,0.0000000
171.00,31.4999900,0.0000000
170.00,32.3999900,0.0000000
170.00,33.2999920,0.0000000
170.00,34.1999930,0.0000000
170.00,35.0999950,0.0000000
171.00,35.9999960,0.0000000
170.00,36.8999980,0.0000000
170.00,37.7999990,0.0000000
171.00,38.7000010,0.0000000
170.00,39.6000020,0.0000000
170.00,40.5000040,0.0000000
170.00,41.4000050,0.0000000
170.00,42.3000070,0.0000000
170.00,43.2000080,0.0000000
170.00,44.1000100,0.0000000
170.00,45.0000110,0.0000000
170.00,45.9000130,0.0000000
169.00,46.8000140,0.0000000
169.00,47.7000160,0.0000000
169.00,48.6000180,0.0000000
169.00,49.5000190,0.0000000
168.00,50.4000210,0.0000000
169.00,51.3000220,0.0000000
169.00,52.2000240,0.0000000
169.00,53.1000250,0.0000000
168.00,54.0000270,0.0000000
168.00,54.9000280,0.0000000
168.00,55.8000300,0.0000000
168.00,56.7000310,0.0000000
168.00,57.6000330,0.0000000
168.00,58.5000340,0.0000000
168.00,59.4000360,0.0000000
168.00,60.3000370,0.0000000
168.00,61.2000390,0.0000000
167.00,62.1000400,0.0000000
168.00,63.0000420,0.0000000
168.00,63.9000430,0.0000000
168.00,64.8000410,0.0000000
167.00,65.7000430,0.0000000
167.00,66.6000440,0.0000000
167.00,67.5000460,0.0000000
167.00,68.4000470,0.0000000
167.00,69.3000490,0.0000000
167.00,70.2000500,0.0000000
167.00,71.1000520,0.0000000
166.00,72.0000530,0.0000000
166.00,72.9000550,0.0000000
167.00,73.8000560,0.0000000
166.00,74.7000580,0.0000000
166.00,75.6000600,0.0000000
166.00,76.5000610,0.0000000
166.00,77.4000630,0.0000000
166.00,78.3000640,0.0000000
166.00,79.2000660,0.0000000
166.00,80.1000670,0.0000000
166.00,81.0000690,0.0000000
166.00,81.9000700,0.0000000
166.00,82.8000720,0.0000000
166.00,83.7000730,0.0000000
166.00,84.6000750,0.0000000
166.00,85.5000760,0.0000000
166.00,86.4000780,0.0000000
165.00,87.3000790,0.0000000
166.00,88.2000810,0.0000000
166.00,89.1000820,0.0000000
166.00,90.0000840,0.0000000
166.00,90.9000850,0.0000000
166.00,91.8000870,0.0000000
166.00,92.7000890,0.0000000
166.00,93.6000900,0.0000000
165.00,94.5000920,0.0000000
165.00,95.4000930,0.0000000
165.00,96.3000950,0.0000000
165.00,97.2000960,0.0000000
165.00,98.1000980,0.0000000
165.00,99.0000990,0.0000000
165.00,99.9001010,0.0000000
165.00,100.8001000,0.0000000
165.00,101.7001000,0.0000000
165.00,102.6001100,0.0000000
165.00,103.5001100,0.0000000
165.00,104.4001100,0.0000000
165.00,105.3001100,0.0000000
165.00,106.2001100,0.0000000
165.00,107.1001100,0.0000000
165.00,108.0001100,0.0000000
165.00,108.9001200,0.0000000
165.00,109.8001200,0.0000000
165.00,110.7001200,0.0000000
164.00,111.6001200,0.0000000
165.00,112.5001200,0.0000000
165.00,113.4001200,0.0000000
164.00,114.3001300,0.0000000
165.00,115.2001300,0.0000000
164.00,116.1001300,0.0000000
164.00,117.0001300,0.0000000
165.00,117.9001300,0.0000000
164.00,118.8001300,0.0000000
165.00,119.7001300,0.0000000
165.00,120.6001400,0.0000000
164.00,121.5001400,0.0000000
164.00,122.4001400,0.0000000
165.00,123.3001400,0.0000000
165.00,124.2001400,0.0000000
164.00,125.1001400,0.0000000
164.00,126.0001400,0.0000000
164.00,126.9001500,0.0000000
164.00,127.8001500,0.0000000
165.00,128.7001500,0.0000000
164.00,129.6001400,0.0000000
164.00,130.5001400,0.0000000
165.00,131.4001300,0.0000000
164.00,132.3001300,0.0000000
164.00,133.2001200,0.0000000
164.00,134.1001100,0.0000000
164.00,135.0001100,0.0000000
164.00,135.9001000,0.0000000
165.00,136.8000900,0.0000000
164.00,137.7000900,0.0000000
164.00,138.6000800,0.0000000
165.00,139.5000800,0.0000000
164.00,140.4000700,0.0000000
165.00,141.3000600,0.0000000
164.00,142.2000600,0.0000000
164.00,143.1000500,0.0000000
164.00,144.0000500,0.0000000
164.00,144.9000400,0.0000000
164.00,145.8000300,0.0000000
164.00,146.7000300,0.0000000
164.00,147.6000200,0.0000000
164.00,148.5000200,0.0000000
164.00,149.4000100,0.0000000
164.00,150.3000000,0.0000000
163.00,151.2000000,0.0000000
164.00,152.0999900,0.0000000
164.00,152.9999800,0.0000000
164.00,153.8999800,0.0000000
164.00,154.7999700,0.0000000
164.00,155.6999700,0.0000000
164.00,156.5999600,0.0000000
164.00,157.4999500,0.0000000
164.00,158.3999500,0.0000000
164.00,159.2999400,0.0000000
165.00,160.1999400,0.0000000
164.00,161.0999300,0.0000000
164.00,161.9999200,0.0000000
164.00,162.8999200,0.0000000
164.00,163.7999100,0.0000000
164.00,164.6999100,0.0000000
164.00,165.5999000,0.0000000
164.00,166.4998900,0.0000000
164.00,167.3998900,0.0000000
164.00,168.2998800,0.0000000
164.00,169.1998700,0.0000000
164.00,170.0998700,0.0000000
164.00,170.9998600,0.0000000
164.00,171.8998600,0.0000000
164.00,172.7998500,0.0000000
164.00,173.6998400,0.0000000
164.00,174.5998400,0.0000000
164.00,175.4998300,0.0000000
164.00,176.3998300,0.0000000
164.00,177.2998200,0.0000000
165.00,178.1998100,0.0000000
164.00,179.0998100,0.0000000
164.00,179.9998000,0.0000000
164.00,179.9998000,0.1766438
166.00,179.9998000,0.3532875
166.00,180.8998000,0.3532875
166.00,181.7997900,0.3532875
166.00,182.6997800,0.3532875
166.00,183.5997800,0.3532875
166.00,184.4997700,0.3532875
166.00,185.3997700,0.3532875
166.00,186.2997600,0.3532875
166.00,187.1997500,0.3532875
166.00,188.0997500,0.3532875
165.00,188.9997400,0.3532875
166.00,189.8997300,0.3532875
166.00,190.7997300,0.3532875
165.00,191.6997200,0.3532875
166.00,192.5997200,0.3532875
166.00,193.4997100,0.3532875
166.00,194.3997000,0.3532875
165.00,195.2997000,0.3532875
166.00,196.1996900,0.3532875
165.00,197.0996900,0.3532875
166.00,197.9996800,0.3532875
166.00,198.8996700,0.3532875
166.00,199.7996700,0.3532875
166.00,200.6996600,0.3532875
166.00,201.5996600,0.3532875
166.00,202.4996500,0.3532875
166.00,203.3996400,0.3532875
166.00,204.2996400,0.3532875
166.00,205.1996300,0.3532875
166.00,206.0996200,0.3532875
166.00,206.9996200,0.3532875
166.00,207.8996100,0.3532875
166.00,208.7996100,0.3532875
166.00,209.6996000,0.3532875
166.00,210.5995900,0.3532875
166.00,211.4995900,0.3532875
166.00,212.3995800,0.3532875
166.00,213.2995800,0.3532875
166.00,214.1995700,0.3532875
166.00,215.0995600,0.3532875
166.00,215.9995600,0.3532875
166.00,216.8995500,0.3532875
167.00,217.7995500,0.3532875
167.00,218.6995400,0.3532875
167.00,219.5995300,0.3532875
167.00,220.4995300,0.3532875
167.00,221.3995200,0.3532875
167.00,222.2995100,0.3532875
167.00,223.1995100,0.3532875
167.00,224.0995000,0.3532875
167.00,224.9995000,0.3532875
167.00,225.8994900,0.3532875
167.00,226.7994800,0.3532875
167.00,227.6994800,0.3532875
167.00,228.5994700,0.3532875
167.00,229.4994700,0.3532875
166.00,230.3994600,0.3532875
166.00,231.2994500,0.3532875
166.00,232.1994500,0.3532875
166.00,233.0994400,0.3532875
167.00,233.9994400,0.3532875
167.00,234.8994300,0.3532875
166.00,235.7994200,0.3532875
167.00,236.6994200,0.3532875
167.00,237.5994100,0.3532875
166.00,238.4994000,0.3532875
167.00,239.3994000,0.3532875
167.00,240.2993900,0.3532875
167.00,241.1993900,0.3532875
167.00,242.0993800,0.3532875
167.00,242.9993700,0.3532875
167.00,243.8993700,0.3532875
167.00,244.7993600,0.3532875
168.00,245.6993600,0.3532875
167.00,246.5993500,0.3532875
167.00,247.4993400,0.3532875
167.00,248.3993400,0.3532875
167.00,249.2993300,0.3532875
167.00,250.1993300,0.3532875
167.00,251.0993200,0.3532875
168.00,251.9993100,0.3532875
167.00,252.8993100,0.3532875
167.00,253.7993000,0.3532875
167.00,254.6993000,0.3532875
168.00,255.5992900,0.3532875
168.00,256.4993000,0.3532875
168.00,257.3992900,0.3532875
167.00,258.2992900,0.3532875
168.00,259.1992800,0.3532875
168.00,260.0992700,0.3532875
168.00,260.9992700,0.3532875
167.00,261.8992600,0.3532875
168.00,262.7992600,0.3532875
168.00,263.6992500,0.3532875
168.00,264.5992400,0.3532875
168.00,265.4992400,0.3532875
168.00,266.3992300,0.3532875
168.00,267.2992200,0.3532875
168.00,268.1992200,0.3532875
169.00,269.0992100,0.3532875
167.00,269.9992100,0.3532875
167.00,270.8992000,0.3532875
168.00,271.7991900,0.3532875
167.00,272.6991900,0.3532875
168.00,273.5991800,0.3532875
168.00,274.4991800,0.3532875
168.00,275.3991700,0.3532875
167.00,276.2991600,0.3532875
168.00,277.1991600,0.3532875
167.00,278.0991500,0.3532875
168.00,278.9991500,0.3532875
168.00,279.8991400,0.3532875
168.00,280.7991300,0.3532875
168.00,281.6991300,0.3532875
169.00,282.5991200,0.3532875
168.00,283.4991100,0.3532875
168.00,284.3991100,0.3532875
168.00,285.2991000,0.3532875
168.00,286.1991000,0.3532875
168.00,287.0990900,0.3532875
169.00,287.9990800,0.3532875
168.00,288.8990800,0.3532875
168.00,289.7990700,0.3532875
168.00,290.6990700,0.3532875
168.00,291.5990600,0.3532875
168.00,292.4990500,0.3532875
169.00,293.3990500,0.3532875
168.00,294.2990400,0.3532875
168.00,295.1990400,0.3532875
169.00,296.0990300,0.3532875
168.00,296.9990200,0.3532875
169.00,297.8990200,0.3532875
169.00,298.7990100,0.3532875
169.00,299.6990100,0.3532875
169.00,300.5990000,0.3532875
169.00,301.4989900,0.3532875
169.00,302.3989900,0.3532875
169.00,303.2989800,0.3532875
169.00,304.1989700,0.3532875
169.00,305.0989700,0.3532875
169.00,305.9989600,0.3532875
168.00,306.8989600,0.3532875
169.00,307.7989500,0.3532875
169.00,308.6989400,0.3532875
169.00,309.5989400,0.3532875
169.00,310.4989300,0.3532875
169.00,311.3989300,0.3532875
169.00,312.2989200,0.3532875
169.00,313.1989100,0.3532875
169.00,314.0989100,0.3532875
169.00,314.9989000,0.3532875
170.00,315.8989000,0.3532875
169.00,316.7988900,0.3532875
169.00,317.6988800,0.3532875
170.00,318.5988800,0.3532875
169.00,319.4988700,0.3532875
169.00,320.3988600,0.3532875
168.00,321.2988600,0.3532875
169.00,322.1988500,0.3532875
169.00,323.0988500,0.3532875
169.00,323.9988400,0.3532875
169.00,324.8988300,0.3532875
169.00,325.7988300,0.3532875
170.00,326.6988200,0.3532875
169.00,327.5988200,0.3532875
169.00,328.4988100,0.3532875
169.00,329.3988000,0.3532875
169.00,330.2988000,0.3532875
169.00,331.1987900,0.3532875
169.00,332.0987900,0.3532875
169.00,332.9987800,0.3532875
169.00,333.8987700,0.3532875
170.00,334.7987700,0.3532875
169.00,335.6987600,0.3532875
169.00,336.5987500,0.3532875
169.00,337.4987500,0.3532875
169.00,338.3987400,0.3532875
169.00,339.2987400,0.3532875
169.00,340.1987300,0.3532875
169.00,341.0987200,0.3532875
169.00,341.9987200,0.3532875
169.00,342.8987100,0.3532875
169.00,343.7987100,0.3532875
169.00,344.6987000,0.3532875
169.00,345.5986900,0.3532875
169.00,346.4986900,0.3532875
169.00,347.3986800,0.3532875
169.00,348.2986800,0.3532875
169.00,349.1986700,0.3532875
169.00,350.0986600,0.3532875
169.00,350.9986600,0.3532875
170.00,351.8986500,0.3532875
169.00,352.7986500,0.3532875
169.00,353.6986400,0.3532875
169.00,354.5986300,0.3532875
170.00,355.4986300,0.3532875
169.00,356.3986200,0.3532875
169.00,357.2986100,0.3532875
169.00,358.1986100,0.3532875
169.00,359.0986000,0.3532875
169.00,359.9986000,0.3532875
169.00,359.9986000,0.5299313
169.00,359.9986000,0.7065751
169.00,0.9000000,0.7065751
169.00,1.8000000,0.7065751
169.00,2.6999998,0.7065751
169.00,3.5999999,0.7065751
169.00,4.5000000,0.7065751
169.00,5.4000001,0.7065751
169.00,6.3000002,0.7065751
169.00,7.2000003,0.7065751
168.00,8.1000004,0.7065751
168.00,9.0000000,0.7065751
169.00,9.8999996,0.7065751
169.00,10.7999990,0.7065751
169.00,11.6999990,0.7065751
169.00,12.5999980,0.7065751
168.00,13.4999980,0.7065751
169.00,14.3999980,0.7065751
169.00,15.2999970,0.7065751
168.00,16.1999970,0.7065751
169.00,17.0999970,0.7065751
169.00,17.9999960,0.7065751
169.00,18.8999960,0.7065751
169.00,19.7999950,0.7065751
169.00,20.6999950,0.7065751
169.00,21.5999950,0.7065751
168.00,22.4999940,0.7065751
169.00,23.3999940,0.7065751
169.00,24.2999940,0.7065751
168.00,25.1999930,0.7065751
169.00,26.0999930,0.7065751
168.00,26.9999920,0.7065751
168.00,27.8999920,0.7065751
169.00,28.7999920,0.7065751
169.00,29.6999910,0.7065751
169.00,30.5999910,0.7065751
169.00,31.4999900,0.7065751
169.00,32.3999900,0.7065751
168.00,33.2999920,0.7065751
168.00,34.1999930,0.7065751
168.00,35.0999950,0.7065751
168.00,35.9999960,0.7065751
168.00,36.8999980,0.7065751
168.00,37.7999990,0.7065751
168.00,38.7000010,0.7065751
168.00,39.6000020,0.7065751
168.00,40.5000040,0.7065751
169.00,41.4000050,0.7065751
168.00,42.3000070,0.7065751
168.00,43.2000080,0.7065751
168.00,44.1000100,0.7065751
168.00,45.0000110,0.7065751
168.00,45.9000130,0.7065751
168.00,46.8000140,0.7065751
168.00,47.7000160,0.7065751
168.00,48.6000180,0.7065751
168.00,49.5000190,0.7065751
167.00,50.4000210,0.7065751
167.00,51.3000220,0.7065751
168.00,52.2000240,0.7065751
168.00,53.1000250,0.7065751
168.00,54.0000270,0.7065751
168.00,54.9000280,0.7065751
168.00,55.8000300,0.7065751
167.00,56.7000310,0.7065751
167.00,57.6000330,0.7065751
168.00,58.5000340,0.7065751
167.00,59.4000360,0.7065751
167.00,60.3000370,0.7065751
167.00,61.2000390,0.7065751
167.00,62.1000400,0.7065751
167.00,63.0000420,0.7065751
167.00,63.9000430,0.7065751
167.00,64.8000410,0.7065751
167.00,65.7000430,0.7065751
167.00,66.6000440,0.7065751
167.00,67.5000460,0.7065751
168.00,68.4000470,0.7065751
168.00,69.3000490,0.7065751
168.00,70.2000500,0.7065751
168.00,71.1000520,0.7065751
168.00,72.0000530,0.7065751
168.00,72.9000550,0.7065751
168.00,73.8000560,0.7065751
168.00,74.7000580,0.7065751
167.00,75.6000600,0.7065751
168.00,76.5000610,0.7065751
168.00,77.4000630,0.7065751
167.00,78.3000640,0.7065751
166.00,79.2000660,0.7065751
166.00,80.1000670,0.7065751
166.00,81.0000690,0.7065751
166.00,81.9000700,0.7065751
166.00,82.8000720,0.7065751
166.00,83.7000730,0.7065751
166.00,84.6000750,0.7065751
166.00,85.5000760,0.7065751
166.00,86.4000780,0.7065751
165.00,87.3000790,0.7065751
165.00,88.2000810,0.7065751
165.00,89.1000820,0.7065751
165.00,90.0000840,0.7065751
165.00,90.9000850,0.7065751
165.00,91.8000870,0.7065751
166.00,92.7000890,0.7065751
165.00,93.6000900,0.7065751
165.00,94.5000920,0.7065751
165.00,95.4000930,0.7065751
165.00,96.3000950,0.7065751
165.00,97.2000960,0.7065751
165.00,98.1000980,0.7065751
165.00,99.0000990,0.7065751
165.00,99.9001010,0.7065751
164.00,100.8001000,0.7065751
165.00,101.7001000,0.7065751
165.00,102.6001100,0.7065751
164.00,103.5001100,0.7065751
165.00,104.4001100,0.7065751
165.00,105.3001100,0.7065751
164.00,106.2001100,0.7065751
164.00,107.1001100,0.7065751
165.00,108.0001100,0.7065751
165.00,108.9001200,0.7065751
165.00,109.8001200,0.7065751
165.00,110.7001200,0.7065751
164.00,111.6001200,0.7065751
164.00,112.5001200,0.7065751
165.00,113.4001200,0.7065751
165.00,114.3001300,0.7065751
164.00,115.2001300,0.7065751
164.00,116.1001300,0.7065751
164.00,117.0001300,0.7065751
165.00,117.9001300,0.7065751
165.00,118.8001300,0.7065751
165.00,119.7001300,0.7065751
165.00,120.6001400,0.7065751
165.00,121.5001400,0.7065751
165.00,122.4001400,0.7065751
165.00,123.3001400,0.7065751
165.00,124.2001400,0.7065751
165.00,125.1001400,0.7065751
165.00,126.0001400,0.7065751
164.00,126.9001500,0.7065751
164.00,127.8001500,0.7065751
163.00,128.7001500,0.7065751
164.00,129.6001400,0.7065751
164.00,130.5001400,0.7065751
163.00,131.4001300,0.7065751
163.00,132.3001300,0.7065751
164.00,133.2001200,0.7065751
163.00,134.1001100,0.7065751
164.00,135.0001100,0.7065751
163.00,135.9001000,0.7065751
163.00,136.8000900,0.7065751
163.00,137.7000900,0.7065751
164.00,138.6000800,0.7065751
163.00,139.5000800,0.7065751
164.00,140.4000700,0.7065751
164.00,141.3000600,0.7065751
163.00,142.2000600,0.7065751
163.00,143.1000500,0.7065751
163.00,144.0000500,0.7065751
163.00,144.9000400,0.7065751
163.00,145.8000300,0.7065751
163.00,146.7000300,0.7065751
163.00,147.6000200,0.7065751
163.00,148.5000200,0.7065751
163.00,149.4000100,0.7065751
163.00,150.3000000,0.7065751
163.00,151.2000000,0.7065751
163.00,152.0999900,0.7065751
164.00,152.9999800,0.7065751
163.00,153.8999800,0.7065751
163.00,154.7999700,0.7065751
163.00,155.6999700,0.7065751
163.00,156.5999600,0.7065751
163.00,157.4999500,0.7065751
163.00,158.3999500,0.7065751
163.00,159.2999400,0.7065751
163.00,160.1999400,0.7065751
163.00,161.0999300,0.7065751
163.00,161.9999200,0.7065751
163.00,162.8999200,0.7065751
163.00,163.7999100,0.7065751
163.00,164.6999100,0.7065751
163.00,165.5999000,0.7065751
163.00,166.4998900,0.7065751
163.00,167.3998900,0.7065751
163.00,168.2998800,0.7065751
163.00,169.1998700,0.7065751
163.00,170.0998700,0.7065751
163.00,170.9998600,0.7065751
163.00,171.8998600,0.7065751
164.00,172.7998500,0.7065751
163.00,173.6998400,0.7065751
163.00,174.5998400,0.7065751
163.00,175.4998300,0.7065751
163.00,176.3998300,0.7065751
163.00,177.2998200,0.7065751
163.00,178.1998100,0.7065751
163.00,179.0998100,0.7065751
163.00,179.9998000,0.7065751
163.00,179.9998000,0.8832189
163.00,179.9998000,1.0598626
163.00,180.8998000,1.0598626
163.00,181.7997900,1.0598626
163.00,182.6997800,1.0598626
163.00,183.5997800,1.0598626
163.00,184.4997700,1.0598626
164.00,185.3997700,1.0598626
163.00,186.2997600,1.0598626
163.00,187.1997500,1.0598626
163.00,188.0997500,1.0598626
163.00,188.9997400,1.0598626
163.00,189.8997300,1.0598626
164.00,190.7997300,1.0598626
163.00,191.6997200,1.0598626
164.00,192.5997200,1.0598626
163.00,193.4997100,1.0598626
164.00,194.3997000,1.0598626
164.00,195.2997000,1.0598626
164.00,196.1996900,1.0598626
164.00,197.0996900,1.0598626
164.00,197.9996800,1.0598626
164.00,198.8996700,1.0598626
164.00,199.7996700,1.0598626
163.00,200.6996600,1.0598626
164.00,201.5996600,1.0598626
164.00,202.4996500,1.0598626
164.00,203.3996400,1.0598626
164.00,204.2996400,1.0598626
164.00,205.1996300,1.0598626
164.00,206.0996200,1.0598626
164.00,206.9996200,1.0598626
164.00,207.8996100,1.0598626
164.00,208.7996100,1.0598626
164.00,209.6996000,1.0598626
164.00,210.5995900,1.0598626
164.00,211.4995900,1.0598626
164.00,212.3995800,1.0598626
165.00,213.2995800,1.0598626
164.00,214.1995700,1.0598626
164.00,215.0995600,1.0598626
166.00,216.8995500,1.0598626
166.00,215.9995600,1.0598626
166.00,217.7995500,1.0598626
165.00,218.6995400,1.0598626
165.00,219.5995300,1.0598626
166.00,220.4995300,1.0598626
166.00,221.3995200,1.0598626
166.00,222.2995100,1.0598626
165.00,223.1995100,1.0598626
166.00,224.0995000,1.0598626
166.00,224.9995000,1.0598626
166.00,225.8994900,1.0598626
166.00,226.7994800,1.0598626
166.00,227.6994800,1.0598626
166.00,228.5994700,1.0598626
166.00,229.4994700,1.0598626
166.00,230.3994600,1.0598626
166.00,231.2994500,1.0598626
166.00,232.1994500,1.0598626
166.00,233.0994400,1.0598626
166.00,233.9994400,1.0598626
166.00,234.8994300,1.0598626
166.00,235.7994200,1.0598626
166.00,236.6994200,1.0598626
167.00,237.5994100,1.0598626
166.00,238.4994000,1.0598626
166.00,239.3994000,1.0598626
167.00,240.2993900,1.0598626
167.00,241.1993900,1.0598626
167.00,242.0993800,1.0598626
166.00,242.9993700,1.0598626
167.00,243.8993700,1.0598626
167.00,244.7993600,1.0598626
166.00,245.6993600,1.0598626
166.00,246.5993500,1.0598626
166.00,247.4993400,1.0598626
166.00,248.3993400,1.0598626
166.00,249.2993300,1.0598626
166.00,250.1993300,1.0598626
166.00,251.0993200,1.0598626
166.00,252.8993100,1.0598626
166.00,251.9993100,1.0598626
166.00,253.7993000,1.0598626
166.00,254.6993000,1.0598626
166.00,255.5992900,1.0598626
167.00,256.4993000,1.0598626
167.00,257.3992900,1.0598626
166.00,258.2992900,1.0598626
167.00,259.1992800,1.0598626
167.00,260.0992700,1.0598626
167.00,260.9992700,1.0598626
167.00,261.8992600,1.0598626
167.00,262.7992600,1.0598626
167.00,263.6992500,1.0598626
168.00,264.5992400,1.0598626
167.00,265.4992400,1.0598626
167.00,266.3992300,1.0598626
167.00,267.2992200,1.0598626
167.00,268.1992200,1.0598626
167.00,269.0992100,1.0598626
167.00,269.9992100,1.0598626
167.00,270.8992000,1.0598626
168.00,271.7991900,1.0598626
168.00,272.6991900,1.0598626
168.00,273.5991800,1.0598626
167.00,274.4991800,1.0598626
168.00,275.3991700,1.0598626
168.00,277.1991600,1.0598626
168.00,276.2991600,1.0598626
168.00,278.0991500,1.0598626
168.00,278.9991500,1.0598626
168.00,279.8991400,1.0598626
168.00,280.7991300,1.0598626
168.00,281.6991300,1.0598626
169.00,282.5991200,1.0598626
168.00,283.4991100,1.0598626
168.00,284.3991100,1.0598626
168.00,285.2991000,1.0598626
168.00,286.1991000,1.0598626
168.00,287.0990900,1.0598626
168.00,287.9990800,1.0598626
168.00,288.8990800,1.0598626
168.00,289.7990700,1.0598626
168.00,290.6990700,1.0598626
168.00,291.5990600,1.0598626
168.00,292.4990500,1.0598626
168.00,293.3990500,1.0598626
168.00,294.2990400,1.0598626
168.00,295.1990400,1.0598626
168.00,296.0990300,1.0598626
168.00,296.9990200,1.0598626
168.00,297.8990200,1.0598626
168.00,298.7990100,1.0598626
167.00,299.6990100,1.0598626
168.00,300.5990000,1.0598626
167.00,301.4989900,1.0598626
168.00,302.3989900,1.0598626
168.00,303.2989800,1.0598626
168.00,304.1989700,1.0598626
169.00,305.0989700,1.0598626
169.00,305.9989600,1.0598626
169.00,306.8989600,1.0598626
170.00,307.7989500,1.0598626
169.00,308.6989400,1.0598626
169.00,309.5989400,1.0598626
169.00,310.4989300,1.0598626
169.00,311.3989300,1.0598626
170.00,312.2989200,1.0598626
170.00,313.1989100,1.0598626
169.00,314.0989100,1.0598626
169.00,314.9989000,1.0598626
169.00,315.8989000,1.0598626
169.00,316.7988900,1.0598626
169.00,317.6988800,1.0598626
169.00,318.5988800,1.0598626
170.00,319.4988700,1.0598626
170.00,320.3988600,1.0598626
169.00,321.2988600,1.0598626
169.00,322.1988500,1.0598626
170.00,323.0988500,1.0598626
170.00,323.9988400,1.0598626
170.00,324.8988300,1.0598626
169.00,325.7988300,1.0598626
170.00,326.6988200,1.0598626
169.00,327.5988200,1.0598626
169.00,328.4988100,1.0598626
169.00,329.3988000,1.0598626
169.00,330.2988000,1.0598626
170.00,331.1987900,1.0598626
169.00,332.0987900,1.0598626
169.00,332.9987800,1.0598626
169.00,333.8987700,1.0598626
169.00,334.7987700,1.0598626
169.00,335.6987600,1.0598626
169.00,336.5987500,1.0598626
170.00,337.4987500,1.0598626
169.00,338.3987400,1.0598626
169.00,339.2987400,1.0598626
170.00,340.1987300,1.0598626
169.00,341.0987200,1.0598626
170.00,341.9987200,1.0598626
169.00,342.8987100,1.0598626
169.00,343.7987100,1.0598626
170.00,344.6987000,1.0598626
169.00,345.5986900,1.0598626
170.00,346.4986900,1.0598626
170.00,347.3986800,1.0598626
169.00,348.2986800,1.0598626
169.00,349.1986700,1.0598626
169.00,350.0986600,1.0598626
169.00,350.9986600,1.0598626
169.00,351.8986500,1.0598626
169.00,352.7986500,1.0598626
169.00,353.6986400,1.0598626
169.00,354.5986300,1.0598626
169.00,355.4986300,1.0598626
169.00,356.3986200,1.0598626
169.00,357.2986100,1.0598626
169.00,358.1986100,1.0598626
169.00,359.0986000,1.0598626
169.00,359.9986000,1.0598626
169.00,359.9986000,1.2365063
170.00,359.9986000,1.4131501
169.00,0.9000000,1.4131501
169.00,1.8000000,1.4131501
170.00,2.6999998,1.4131501
169.00,3.5999999,1.4131501
170.00,4.5000000,1.4131501
170.00,5.4000001,1.4131501
169.00,6.3000002,1.4131501
169.00,7.2000003,1.4131501
169.00,8.1000004,1.4131501
169.00,9.0000000,1.4131501
170.00,9.8999996,1.4131501
169.00,10.7999990,1.4131501
169.00,11.6999990,1.4131501
169.00,12.5999980,1.4131501
169.00,13.4999980,1.4131501
169.00,14.3999980,1.4131501
169.00,15.2999970,1.4131501
169.00,16.1999970,1.4131501
169.00,17.0999970,1.4131501
169.00,17.9999960,1.4131501
169.00,18.8999960,1.4131501
169.00,19.7999950,1.4131501
169.00,20.6999950,1.4131501
169.00,21.5999950,1.4131501
169.00,22.4999940,1.4131501
168.00,23.3999940,1.4131501
169.00,24.2999940,1.4131501
169.00,25.1999930,1.4131501
169.00,26.0999930,1.4131501
168.00,26.9999920,1.4131501
168.00,27.8999920,1.4131501
169.00,28.7999920,1.4131501
169.00,29.6999910,1.4131501
168.00,30.5999910,1.4131501
168.00,31.4999900,1.4131501
169.00,32.3999900,1.4131501
168.00,33.2999920,1.4131501
168.00,34.1999930,1.4131501
169.00,35.0999950,1.4131501
168.00,35.9999960,1.4131501
168.00,36.8999980,1.4131501
168.00,37.7999990,1.4131501
169.00,38.7000010,1.4131501
168.00,39.6000020,1.4131501
168.00,40.5000040,1.4131501
168.00,41.4000050,1.4131501
168.00,42.3000070,1.4131501
168.00,43.2000080,1.4131501
169.00,44.1000100,1.4131501
169.00,45.0000110,1.4131501
169.00,45.9000130,1.4131501
169.00,46.8000140,1.4131501
169.00,47.7000160,1.4131501
169.00,48.6000180,1.4131501
169.00,49.5000190,1.4131501
169.00,50.4000210,1.4131501
169.00,51.3000220,1.4131501
168.00,52.2000240,1.4131501
169.00,53.1000250,1.4131501
167.00,54.0000270,1.4131501
168.00,54.9000280,1.4131501
167.00,55.8000300,1.4131501
168.00,56.7000310,1.4131501
167.00,57.6000330,1.4131501
168.00,58.5000340,1.4131501
167.00,59.4000360,1.4131501
167.00,60.3000370,1.4131501
167.00,61.2000390,1.4131501
168.00,62.1000400,1.4131501
167.00,63.0000420,1.4131501
167.00,63.9000430,1.4131501
167.00,64.8000410,1.4131501
167.00,65.7000430,1.4131501
167.00,66.6000440,1.4131501
167.00,67.5000460,1.4131501
167.00,68.4000470,1.4131501
167.00,69.3000490,1.4131501
167.00,70.2000500,1.4131501
167.00,71.1000520,1.4131501
166.00,72.0000530,1.4131501
167.00,72.9000550,1.4131501
168.00,73.8000560,1.4131501
168.00,74.7000580,1.4131501
168.00,75.6000600,1.4131501
167.00,76.5000610,1.4131501
167.00,77.4000630,1.4131501
168.00,78.3000640,1.4131501
167.00,79.2000660,1.4131501
167.00,80.1000670,1.4131501
167.00,81.0000690,1.4131501
167.00,81.9000700,1.4131501
166.00,82.8000720,1.4131501
167.00,83.7000730,1.4131501
167.00,84.6000750,1.4131501
167.00,85.5000760,1.4131501
167.00,86.4000780,1.4131501
167.00,87.3000790,1.4131501
167.00,88.2000810,1.4131501
167.00,89.1000820,1.4131501
167.00,90.0000840,1.4131501
167.00,90.9000850,1.4131501
167.00,91.8000870,1.4131501
166.00,92.7000890,1.4131501
166.00,93.6000900,1.4131501
166.00,94.5000920,1.4131501
166.00,95.4000930,1.4131501
166.00,96.3000950,1.4131501
166.00,97.2000960,1.4131501
166.00,98.1000980,1.4131501
166.00,99.0000990,1.4131501
166.00,99.9001010,1.4131501
166.00,100.8001000,1.4131501
166.00,101.7001000,1.4131501
165.00,102.6001100,1.4131501
166.00,103.5001100,1.4131501
165.00,104.4001100,1.4131501
166.00,105.3001100,1.4131501
166.00,106.2001100,1.4131501
166.00,107.1001100,1.4131501
166.00,108.0001100,1.4131501
166.00,108.9001200,1.4131501
165.00,109.8001200,1.4131501
165.00,110.7001200,1.4131501
165.00,111.6001200,1.4131501
166.00,112.5001200,1.4131501
165.00,113.4001200,1.4131501
165.00,114.3001300,1.4131501
165.00,115.2001300,1.4131501
165.00,116.1001300,1.4131501
165.00,117.0001300,1.4131501
165.00,117.9001300,1.4131501
165.00,118.8001300,1.4131501
165.00,119.7001300,1.4131501
165.00,120.6001400,1.4131501
165.00,121.5001400,1.4131501
165.00,122.4001400,1.4131501
164.00,123.3001400,1.4131501
164.00,124.2001400,1.4131501
164.00,125.1001400,1.4131501
164.00,126.0001400,1.4131501
164.00,126.9001500,1.4131501
164.00,127.8001500,1.4131501
164.00,128.7001500,1.4131501
164.00,129.6001400,1.4131501
163.00,130.5001400,1.4131501
164.00,131.4001300,1.4131501
163.00,132.3001300,1.4131501
164.00,133.2001200,1.4131501
164.00,134.1001100,1.4131501
165.00,135.0001100,1.4131501
164.00,135.9001000,1.4131501
164.00,136.8000900,1.4131501
164.00,137.7000900,1.4131501
165.00,138.6000800,1.4131501
165.00,139.5000800,1.4131501
165.00,140.4000700,1.4131501
164.00,141.3000600,1.4131501
164.00,142.2000600,1.4131501
164.00,143.1000500,1.4131501
165.00,144.0000500,1.4131501
164.00,144.9000400,1.4131501
165.00,145.8000300,1.4131501
164.00,146.7000300,1.4131501
164.00,147.6000200,1.4131501
164.00,148.5000200,1.4131501
164.00,149.4000100,1.4131501
164.00,150.3000000,1.4131501
164.00,151.2000000,1.4131501
164.00,152.0999900,1.4131501
164.00,152.9999800,1.4131501
164.00,153.8999800,1.4131501
164.00,154.7999700,1.4131501
164.00,155.6999700,1.4131501
164.00,156.5999600,1.4131501
164.00,157.4999500,1.4131501
164.00,158.3999500,1.4131501
164.00,159.2999400,1.4131501
164.00,160.1999400,1.4131501
164.00,161.0999300,1.4131501
164.00,161.9999200,1.4131501
164.00,162.8999200,1.4131501
164.00,163.7999100,1.4131501
164.00,164.6999100,1.4131501
164.00,165.5999000,1.4131501
164.00,166.4998900,1.4131501
164.00,167.3998900,1.4131501
164.00,168.2998800,1.4131501
164.00,169.1998700,1.4131501
164.00,170.0998700,1.4131501
164.00,170.9998600,1.4131501
164.00,171.8998600,1.4131501
164.00,172.7998500,1.4131501
164.00,173.6998400,1.4131501
164.00,174.5998400,1.4131501
164.00,175.4998300,1.4131501
164.00,176.3998300,1.4131501
164.00,177.2998200,1.4131501
164.00,178.1998100,1.4131501
164.00,179.0998100,1.4131501
164.00,179.9998000,1.4131501
164.00,179.9998000,1.5897938
164.00,179.9998000,1.7664375
164.00,180.8998000,1.7664375
164.00,181.7997900,1.7664375
164.00,182.6997800,1.7664375
164.00,183.5997800,1.7664375
164.00,184.4997700,1.7664375
165.00,185.3997700,1.7664375
164.00,186.2997600,1.7664375
164.00,187.1997500,1.7664375
164.00,188.0997500,1.7664375
164.00,188.9997400,1.7664375
164.00,189.8997300,1.7664375
164.00,190.7997300,1.7664375
164.00,191.6997200,1.7664375
164.00,192.5997200,1.7664375
164.00,193.4997100,1.7664375
164.00,194.3997000,1.7664375
164.00,195.2997000,1.7664375
165.00,196.1996900,1.7664375
164.00,197.0996900,1.7664375
164.00,197.9996800,1.7664375
164.00,198.8996700,1.7664375
165.00,199.7996700,1.7664375
165.00,200.6996600,1.7664375
165.00,201.5996600,1.7664375
165.00,202.4996500,1.7664375
165.00,203.3996400,1.7664375
164.00,204.2996400,1.7664375
165.00,205.1996300,1.7664375
165.00,206.0996200,1.7664375
165.00,206.9996200,1.7664375
165.00,207.8996100,1.7664375
165.00,208.7996100,1.7664375
165.00,209.6996000,1.7664375
165.00,210.5995900,1.7664375
165.00,211.4995900,1.7664375
165.00,212.3995800,1.7664375
165.00,213.2995800,1.7664375
165.00,214.1995700,1.7664375
165.00,215.0995600,1.7664375
165.00,215.9995600,1.7664375
165.00,216.8995500,1.7664375
165.00,217.7995500,1.7664375
165.00,218.6995400,1.7664375
165.00,219.5995300,1.7664375
165.00,220.4995300,1.7664375
165.00,221.3995200,1.7664375
166.00,222.2995100,1.7664375
166.00,223.1995100,1.7664375
165.00,224.0995000,1.7664375
165.00,224.9995000,1.7664375
166.00,225.8994900,1.7664375
166.00,226.7994800,1.7664375
166.00,227.6994800,1.7664375
166.00,228.5994700,1.7664375
166.00,229.4994700,1.7664375
166.00,230.3994600,1.7664375
166.00,231.2994500,1.7664375
166.00,232.1994500,1.7664375
166.00,233.0994400,1.7664375
166.00,233.9994400,1.7664375
166.00,234.8994300,1.7664375
166.00,235.7994200,1.7664375
167.00,236.6994200,1.7664375
166.00,237.5994100,1.7664375
166.00,238.4994000,1.7664375
167.00,239.3994000,1.7664375
167.00,240.2993900,1.7664375
166.00,241.1993900,1.7664375
166.00,242.0993800,1.7664375
166.00,242.9993700,1.7664375
166.00,243.8993700,1.7664375
166.00,244.7993600,1.7664375
166.00,245.6993600,1.7664375
166.00,246.5993500,1.7664375
166.00,247.4993400,1.7664375
166.00,248.3993400,1.7664375
166.00,249.2993300,1.7664375
166.00,250.1993300,1.7664375
167.00,251.0993200,1.7664375
167.00,251.9993100,1.7664375
167.00,252.8993100,1.7664375
166.00,253.7993000,1.7664375
167.00,254.6993000,1.7664375
166.00,255.5992900,1.7664375
167.00,256.4993000,1.7664375
166.00,257.3992900,1.7664375
166.00,258.2992900,1.7664375
167.00,259.1992800,1.7664375
167.00,260.0992700,1.7664375
167.00,260.9992700,1.7664375
167.00,261.8992600,1.7664375
167.00,262.7992600,1.7664375
167.00,263.6992500,1.7664375
166.00,264.5992400,1.7664375
167.00,265.4992400,1.7664375
168.00,266.3992300,1.7664375
167.00,267.2992200,1.7664375
167.00,268.1992200,1.7664375
167.00,269.0992100,1.7664375
168.00,269.9992100,1.7664375
167.00,270.8992000,1.7664375
168.00,271.7991900,1.7664375
168.00,272.6991900,1.7664375
167.00,273.5991800,1.7664375
168.00,274.4991800,1.7664375
167.00,275.3991700,1.7664375
168.00,276.2991600,1.7664375
168.00,277.1991600,1.7664375
168.00,278.0991500,1.7664375
168.00,278.9991500,1.7664375
168.00,279.8991400,1.7664375
168.00,280.7991300,1.7664375
168.00,281.6991300,1.7664375
168.00,282.5991200,1.7664375
168.00,283.4991100,1.7664375
168.00,284.3991100,1.7664375
168.00,285.2991000,1.7664375
168.00,286.1991000,1.7664375
168.00,287.0990900,1.7664375
168.00,287.9990800,1.7664375
168.00,288.8990800,1.7664375
168.00,289.7990700,1.7664375
168.00,290.6990700,1.7664375
168.00,291.5990600,1.7664375
168.00,292.4990500,1.7664375
169.00,293.3990500,1.7664375
168.00,294.2990400,1.7664375
168.00,295.1990400,1.7664375
168.00,296.0990300,1.7664375
169.00,296.9990200,1.7664375
169.00,297.8990200,1.7664375
169.00,298.7990100,1.7664375
169.00,299.6990100,1.7664375
169.00,300.5990000,1.7664375
169.00,301.4989900,1.7664375
168.00,302.3989900,1.7664375
169.00,303.2989800,1.7664375
169.00,304.1989700,1.7664375
169.00,305.0989700,1.7664375
169.00,305.9989600,1.7664375
169.00,306.8989600,1.7664375
169.00,307.7989500,1.7664375
169.00,308.6989400,1.7664375
169.00,309.5989400,1.7664375
169.00,310.4989300,1.7664375
170.00,311.3989300,1.7664375
169.00,312.2989200,1.7664375
169.00,313.1989100,1.7664375
169.00,314.0989100,1.7664375
169.00,314.9989000,1.7664375
170.00,315.8989000,1.7664375
169.00,316.7988900,1.7664375
169.00,317.6988800,1.7664375
170.00,318.5988800,1.7664375
170.00,319.4988700,1.7664375
170.00,320.3988600,1.7664375
171.00,321.2988600,1.7664375
171.00,322.1988500,1.7664375
170.00,323.0988500,1.7664375
171.00,323.9988400,1.7664375
170.00,324.8988300,1.7664375
171.00,325.7988300,1.7664375
171.00,326.6988200,1.7664375
171.00,327.5988200,1.7664375
170.00,328.4988100,1.7664375
170.00,329.3988000,1.7664375
170.00,330.2988000,1.7664375
170.00,331.1987900,1.7664375
171.00,332.0987900,1.7664375
170.00,332.9987800,1.7664375
170.00,333.8987700,1.7664375
170.00,334.7987700,1.7664375
171.00,335.6987600,1.7664375
170.00,336.5987500,1.7664375
171.00,337.4987500,1.7664375
170.00,338.3987400,1.7664375
170.00,339.2987400,1.7664375
170.00,340.1987300,1.7664375
171.00,341.0987200,1.7664375
171.00,341.9987200,1.7664375
171.00,342.8987100,1.7664375
171.00,343.7987100,1.7664375
170.00,344.6987000,1.7664375
171.00,345.5986900,1.7664375
171.00,346.4986900,1.7664375
171.00,347.3986800,1.7664375
170.00,348.2986800,1.7664375
170.00,349.1986700,1.7664375
170.00,350.0986600,1.7664375
170.00,350.9986600,1.7664375
170.00,351.8986500,1.7664375
171.00,352.7986500,1.7664375
170.00,353.6986400,1.7664375
171.00,354.5986300,1.7664375
170.00,355.4986300,1.7664375
170.00,356.3986200,1.7664375
171.00,357.2986100,1.7664375
170.00,358.1986100,1.7664375
170.00,359.0986000,1.7664375
170.00,359.9986000,1.7664375
170.00,359.9986000,1.9430813
171.00,359.9986000,2.1197250
170.00,0.9000000,2.1197250
170.00,1.8000000,2.1197250
170.00,2.6999998,2.1197250
171.00,3.5999999,2.1197250
171.00,4.5000000,2.1197250
171.00,5.4000001,2.1197250
170.00,6.3000002,2.1197250
170.00,7.2000003,2.1197250
170.00,8.1000004,2.1197250
170.00,9.0000000,2.1197250
170.00,9.8999996,2.1197250
170.00,10.7999990,2.1197250
170.00,11.6999990,2.1197250
169.00,12.5999980,2.1197250
170.00,13.4999980,2.1197250
171.00,14.3999980,2.1197250
170.00,15.2999970,2.1197250
170.00,16.1999970,2.1197250
170.00,17.0999970,2.1197250
170.00,17.9999960,2.1197250
170.00,18.8999960,2.1197250
170.00,19.7999950,2.1197250
170.00,20.6999950,2.1197250
170.00,21.5999950,2.1197250
170.00,22.4999940,2.1197250
170.00,23.3999940,2.1197250
170.00,24.2999940,2.1197250
170.00,25.1999930,2.1197250
170.00,26.0999930,2.1197250
170.00,26.9999920,2.1197250
170.00,27.8999920,2.1197250
170.00,28.7999920,2.1197250
170.00,29.6999910,2.1197250
169.00,30.5999910,2.1197250
170.00,31.4999900,2.1197250
170.00,32.3999900,2.1197250
170.00,33.2999920,2.1197250
170.00,34.1999930,2.1197250
170.00,35.0999950,2.1197250
169.00,35.9999960,2.1197250
170.00,36.8999980,2.1197250
170.00,37.7999990,2.1197250
170.00,38.7000010,2.1197250
169.00,39.6000020,2.1197250
169.00,40.5000040,2.1197250
169.00,41.4000050,2.1197250
169.00,42.3000070,2.1197250
169.00,43.2000080,2.1197250
169.00,44.1000100,2.1197250
170.00,45.0000110,2.1197250
169.00,45.9000130,2.1197250
169.00,46.8000140,2.1197250
169.00,47.7000160,2.1197250
169.00,48.6000180,2.1197250
169.00,49.5000190,2.1197250
168.00,50.4000210,2.1197250
168.00,51.3000220,2.1197250
168.00,52.2000240,2.1197250
168.00,53.1000250,2.1197250
168.00,54.0000270,2.1197250
168.00,54.9000280,2.1197250
168.00,55.8000300,2.1197250
168.00,56.7000310,2.1197250
168.00,57.6000330,2.1197250
168.00,58.5000340,2.1197250
168.00,59.4000360,2.1197250
168.00,60.3000370,2.1197250
167.00,61.2000390,2.1197250
167.00,62.1000400,2.1197250
168.00,63.0000420,2.1197250
167.00,63.9000430,2.1197250
168.00,64.8000410,2.1197250
167.00,65.7000430,2.1197250
167.00,66.6000440,2.1197250
168.00,67.5000460,2.1197250
167.00,68.4000470,2.1197250
167.00,69.3000490,2.1197250
167.00,70.2000500,2.1197250
167.00,71.1000520,2.1197250
167.00,72.0000530,2.1197250
167.00,72.9000550,2.1197250
167.00,73.8000560,2.1197250
167.00,74.7000580,2.1197250
167.00,75.6000600,2.1197250
167.00,76.5000610,2.1197250
167.00,77.4000630,2.1197250
167.00,78.3000640,2.1197250
167.00,79.2000660,2.1197250
167.00,80.1000670,2.1197250
167.00,81.0000690,2.1197250
166.00,81.9000700,2.1197250
167.00,82.8000720,2.1197250
166.00,83.7000730,2.1197250
167.00,84.6000750,2.1197250
167.00,85.5000760,2.1197250
166.00,86.4000780,2.1197250
166.00,87.3000790,2.1197250
166.00,88.2000810,2.1197250
166.00,89.1000820,2.1197250
166.00,90.0000840,2.1197250
166.00,90.9000850,2.1197250
166.00,91.8000870,2.1197250
166.00,92.7000890,2.1197250
166.00,93.6000900,2.1197250
166.00,94.5000920,2.1197250
166.00,95.4000930,2.1197250
166.00,96.3000950,2.1197250
166.00,97.2000960,2.1197250
165.00,98.1000980,2.1197250
165.00,99.0000990,2.1197250
165.00,99.9001010,2.1197250
165.00,100.8001000,2.1197250
165.00,101.7001000,2.1197250
165.00,102.6001100,2.1197250
165.00,103.5001100,2.1197250
165.00,104.4001100,2.1197250
165.00,105.3001100,2.1197250
165.00,106.2001100,2.1197250
165.00,107.1001100,2.1197250
165.00,108.0001100,2.1197250
165.00,108.9001200,2.1197250
164.00,109.8001200,2.1197250
165.00,110.7001200,2.1197250
165.00,111.6001200,2.1197250
165.00,112.5001200,2.1197250
164.00,113.4001200,2.1197250
164.00,114.3001300,2.1197250
165.00,115.2001300,2.1197250
164.00,116.1001300,2.1197250
164.00,117.0001300,2.1197250
165.00,117.9001300,2.1197250
164.00,118.8001300,2.1197250
164.00,119.7001300,2.1197250
164.00,120.6001400,2.1197250
164.00,121.5001400,2.1197250
164.00,122.4001400,2.1197250
164.00,123.3001400,2.1197250
164.00,124.2001400,2.1197250
164.00,125.1001400,2.1197250
164.00,126.0001400,2.1197250
164.00,126.9001500,2.1197250
164.00,127.8001500,2.1197250
164.00,128.7001500,2.1197250
164.00,129.6001400,2.1197250
164.00,130.5001400,2.1197250
164.00,131.4001300,2.1197250
164.00,132.3001300,2.1197250
164.00,133.2001200,2.1197250
164.00,134.1001100,2.1197250
164.00,135.0001100,2.1197250
164.00,135.9001000,2.1197250
164.00,136.8000900,2.1197250
164.00,137.7000900,2.1197250
164.00,138.6000800,2.1197250
164.00,139.5000800,2.1197250
164.00,140.4000700,2.1197250
163.00,141.3000600,2.1197250
163.00,142.2000600,2.1197250
163.00,143.1000500,2.1197250
163.00,144.0000500,2.1197250
163.00,144.9000400,2.1197250
163.00,145.8000300,2.1197250
163.00,146.7000300,2.1197250
163.00,147.6000200,2.1197250
163.00,148.5000200,2.1197250
163.00,149.4000100,2.1197250
163.00,150.3000000,2.1197250
163.00,151.2000000,2.1197250
163.00,152.0999900,2.1197250
163.00,152.9999800,2.1197250
163.00,153.8999800,2.1197250
163.00,154.7999700,2.1197250
163.00,155.6999700,2.1197250
163.00,156.5999600,2.1197250
163.00,157.4999500,2.1197250
163.00,158.3999500,2.1197250
163.00,159.2999400,2.1197250
163.00,160.1999400,2.1197250
163.00,161.0999300,2.1197250
162.00,161.9999200,2.1197250
163.00,162.8999200,2.1197250
163.00,163.7999100,2.1197250
163.00,164.6999100,2.1197250
163.00,165.5999000,2.1197250
163.00,166.4998900,2.1197250
163.00,167.3998900,2.1197250
163.00,168.2998800,2.1197250
163.00,169.1998700,2.1197250
163.00,170.0998700,2.1197250
163.00,170.9998600,2.1197250
163.00,171.8998600,2.1197250
163.00,172.7998500,2.1197250
163.00,173.6998400,2.1197250
163.00,174.5998400,2.1197250
163.00,175.4998300,2.1197250
163.00,176.3998300,2.1197250
163.00,177.2998200,2.1197250
163.00,178.1998100,2.1197250
163.00,179.0998100,2.1197250
163.00,179.9998000,2.1197250
163.00,179.9998000,2.2963688
163.00,179.9998000,2.4730127
163.00,180.8998000,2.4730127
163.00,181.7997900,2.4730127
163.00,182.6997800,2.4730127
163.00,183.5997800,2.4730127
163.00,184.4997700,2.4730127
163.00,185.3997700,2.4730127
163.00,186.2997600,2.4730127
163.00,187.1997500,2.4730127
163.00,188.0997500,2.4730127
163.00,188.9997400,2.4730127
163.00,189.8997300,2.4730127
163.00,190.7997300,2.4730127
163.00,191.6997200,2.4730127
164.00,192.5997200,2.4730127
164.00,193.4997100,2.4730127
163.00,194.3997000,2.4730127
163.00,195.2997000,2.4730127
163.00,196.1996900,2.4730127
163.00,197.0996900,2.4730127
163.00,197.9996800,2.4730127
163.00,198.8996700,2.4730127
164.00,199.7996700,2.4730127
164.00,200.6996600,2.4730127
164.00,201.5996600,2.4730127
164.00,202.4996500,2.4730127
163.00,203.3996400,2.4730127
163.00,204.2996400,2.4730127
163.00,205.1996300,2.4730127
163.00,206.0996200,2.4730127
163.00,206.9996200,2.4730127
164.00,207.8996100,2.4730127
163.00,208.7996100,2.4730127
164.00,209.6996000,2.4730127
164.00,210.5995900,2.4730127
164.00,211.4995900,2.4730127
164.00,212.3995800,2.4730127
164.00,213.2995800,2.4730127
164.00,214.1995700,2.4730127
164.00,215.0995600,2.4730127
164.00,215.9995600,2.4730127
164.00,216.8995500,2.4730127
164.00,217.7995500,2.4730127
164.00,218.6995400,2.4730127
164.00,219.5995300,2.4730127
164.00,220.4995300,2.4730127
164.00,221.3995200,2.4730127
164.00,222.2995100,2.4730127
164.00,223.1995100,2.4730127
164.00,224.0995000,2.4730127
164.00,224.9995000,2.4730127
164.00,225.8994900,2.4730127
164.00,226.7994800,2.4730127
165.00,227.6994800,2.4730127
165.00,228.5994700,2.4730127
164.00,229.4994700,2.4730127
164.00,230.3994600,2.4730127
165.00,231.2994500,2.4730127
165.00,232.1994500,2.4730127
165.00,233.0994400,2.4730127
165.00,233.9994400,2.4730127
165.00,234.8994300,2.4730127
165.00,235.7994200,2.4730127
165.00,236.6994200,2.4730127
165.00,237.5994100,2.4730127
165.00,238.4994000,2.4730127
165.00,239.3994000,2.4730127
166.00,240.2993900,2.4730127
166.00,241.1993900,2.4730127
166.00,242.0993800,2.4730127
165.00,242.9993700,2.4730127
166.00,243.8993700,2.4730127
165.00,244.7993600,2.4730127
166.00,245.6993600,2.4730127
166.00,246.5993500,2.4730127
166.00,247.4993400,2.4730127
166.00,248.3993400,2.4730127
166.00,249.2993300,2.4730127
166.00,250.1993300,2.4730127
166.00,251.0993200,2.4730127
166.00,251.9993100,2.4730127
166.00,252.8993100,2.4730127
167.00,253.7993000,2.4730127
167.00,254.6993000,2.4730127
166.00,255.5992900,2.4730127
166.00,256.4993000,2.4730127
166.00,257.3992900,2.4730127
166.00,258.2992900,2.4730127
167.00,259.1992800,2.4730127
167.00,260.0992700,2.4730127
167.00,260.9992700,2.4730127
167.00,261.8992600,2.4730127
167.00,262.7992600,2.4730127
167.00,263.6992500,2.4730127
166.00,264.5992400,2.4730127
167.00,265.4992400,2.4730127
167.00,266.3992300,2.4730127
167.00,267.2992200,2.4730127
168.00,268.1992200,2.4730127
168.00,269.0992100,2.4730127
168.00,269.9992100,2.4730127
168.00,270.8992000,2.4730127
168.00,271.7991900,2.4730127
168.00,272.6991900,2.4730127
169.00,273.5991800,2.4730127
168.00,274.4991800,2.4730127
169.00,275.3991700,2.4730127
169.00,276.2991600,2.4730127
168.00,277.1991600,2.4730127
169.00,278.0991500,2.4730127
169.00,278.9991500,2.4730127
169.00,279.8991400,2.4730127
168.00,280.7991300,2.4730127
169.00,281.6991300,2.4730127
169.00,282.5991200,2.4730127
169.00,283.4991100,2.4730127
169.00,284.3991100,2.4730127
169.00,285.2991000,2.4730127
169.00,286.1991000,2.4730127
169.00,287.0990900,2.4730127
169.00,287.9990800,2.4730127
169.00,288.8990800,2.4730127
169.00,289.7990700,2.4730127
170.00,290.6990700,2.4730127
169.00,291.5990600,2.4730127
170.00,292.4990500,2.4730127
169.00,293.3990500,2.4730127
169.00,294.2990400,2.4730127
170.00,295.1990400,2.4730127
170.00,296.0990300,2.4730127
170.00,296.9990200,2.4730127
170.00,297.8990200,2.4730127
170.00,298.7990100,2.4730127
170.00,299.6990100,2.4730127
169.00,300.5990000,2.4730127
170.00,301.4989900,2.4730127
170.00,302.3989900,2.4730127
170.00,303.2989800,2.4730127
170.00,304.1989700,2.4730127
170.00,305.0989700,2.4730127
170.00,305.9989600,2.4730127
170.00,306.8989600,2.4730127
170.00,307.7989500,2.4730127
171.00,308.6989400,2.4730127
171.00,309.5989400,2.4730127
172.00,310.4989300,2.4730127
171.00,311.3989300,2.4730127
172.00,312.2989200,2.4730127
173.00,313.1989100,2.4730127
173.00,314.0989100,2.4730127
173.00,314.9989000,2.4730127
173.00,315.8989000,2.4730127
173.00,316.7988900,2.4730127
173.00,317.6988800,2.4730127
173.00,318.5988800,2.4730127
173.00,319.4988700,2.4730127
173.00,320.3988600,2.4730127
173.00,321.2988600,2.4730127
173.00,322.1988500,2.4730127
173.00,323.0988500,2.4730127
173.00,323.9988400,2.4730127
173.00,324.8988300,2.4730127
173.00,325.7988300,2.4730127
173.00,326.6988200,2.4730127
174.00,327.5988200,2.4730127
174.00,328.4988100,2.4730127
174.00,329.3988000,2.4730127
173.00,330.2988000,2.4730127
172.00,331.1987900,2.4730127
173.00,332.0987900,2.4730127
172.00,332.9987800,2.4730127
171.00,333.8987700,2.4730127
171.00,334.7987700,2.4730127
171.00,335.6987600,2.4730127
172.00,336.5987500,2.4730127
171.00,337.4987500,2.4730127
172.00,338.3987400,2.4730127
171.00,339.2987400,2.4730127
171.00,340.1987300,2.4730127
172.00,341.0987200,2.4730127
171.00,341.9987200,2.4730127
171.00,342.8987100,2.4730127
171.00,343.7987100,2.4730127
171.00,344.6987000,2.4730127
172.00,345.5986900,2.4730127
172.00,346.4986900,2.4730127
172.00,347.3986800,2.4730127
171.00,348.2986800,2.4730127
172.00,349.1986700,2.4730127
172.00,350.0986600,2.4730127
172.00,350.9986600,2.4730127
172.00,351.8986500,2.4730127
171.00,352.7986500,2.4730127
172.00,353.6986400,2.4730127
172.00,354.5986300,2.4730127
173.00,355.4986300,2.4730127
172.00,356.3986200,2.4730127
171.00,357.2986100,2.4730127
172.00,358.1986100,2.4730127
172.00,359.0986000,2.4730127
172.00,359.9986000,2.4730127
172.00,359.9986000,2.6496565
172.00,359.9986000,2.8263004
172.00,0.9000000,2.8263004
171.00,1.8000000,2.8263004
172.00,2.6999998,2.8263004
172.00,3.5999999,2.8263004
172.00,4.5000000,2.8263004
172.00,5.4000001,2.8263004
172.00,6.3000002,2.8263004
171.00,7.2000003,2.8263004
172.00,8.1000004,2.8263004
171.00,9.0000000,2.8263004
171.00,9.8999996,2.8263004
172.00,10.7999990,2.8263004
172.00,11.6999990,2.8263004
171.00,12.5999980,2.8263004
171.00,13.4999980,2.8263004
172.00,14.3999980,2.8263004
172.00,15.2999970,2.8263004
172.00,16.1999970,2.8263004
172.00,17.0999970,2.8263004
172.00,17.9999960,2.8263004
172.00,18.8999960,2.8263004
172.00,19.7999950,2.8263004
171.00,20.6999950,2.8263004
171.00,21.5999950,2.8263004
172.00,22.4999940,2.8263004
172.00,23.3999940,2.8263004
172.00,24.2999940,2.8263004
171.00,25.1999930,2.8263004
171.00,26.0999930,2.8263004
170.00,26.9999920,2.8263004
170.00,27.8999920,2.8263004
170.00,28.7999920,2.8263004
171.00,29.6999910,2.8263004
170.00,30.5999910,2.8263004
170.00,31.4999900,2.8263004
171.00,32.3999900,2.8263004
170.00,33.2999920,2.8263004
171.00,34.1999930,2.8263004
170.00,35.0999950,2.8263004
170.00,35.9999960,2.8263004
170.00,36.8999980,2.8263004
170.00,37.7999990,2.8263004
170.00,38.7000010,2.8263004
170.00,39.6000020,2.8263004
170.00,40.5000040,2.8263004
170.00,41.4000050,2.8263004
169.00,42.3000070,2.8263004
169.00,43.2000080,2.8263004
170.00,44.1000100,2.8263004
169.00,45.0000110,2.8263004
168.00,45.9000130,2.8263004
169.00,46.8000140,2.8263004
169.00,47.7000160,2.8263004
168.00,48.6000180,2.8263004
169.00,49.5000190,2.8263004
168.00,50.4000210,2.8263004
168.00,51.3000220,2.8263004
168.00,52.2000240,2.8263004
168.00,53.1000250,2.8263004
168.00,54.0000270,2.8263004
168.00,54.9000280,2.8263004
168.00,55.8000300,2.8263004
168.00,56.7000310,2.8263004
168.00,57.6000330,2.8263004
168.00,58.5000340,2.8263004
168.00,59.4000360,2.8263004
168.00,60.3000370,2.8263004
168.00,61.2000390,2.8263004
168.00,62.1000400,2.8263004
168.00,63.0000420,2.8263004
168.00,63.9000430,2.8263004
168.00,64.8000410,2.8263004
168.00,65.7000430,2.8263004
168.00,66.6000440,2.8263004
167.00,67.5000460,2.8263004
167.00,68.4000470,2.8263004
168.00,69.3000490,2.8263004
167.00,70.2000500,2.8263004
168.00,71.1000520,2.8263004
167.00,72.0000530,2.8263004
167.00,72.9000550,2.8263004
167.00,73.8000560,2.8263004
168.00,74.7000580,2.8263004
168.00,75.6000600,2.8263004
168.00,76.5000610,2.8263004
167.00,77.4000630,2.8263004
167.00,78.3000640,2.8263004
166.00,79.2000660,2.8263004
167.00,80.1000670,2.8263004
166.00,81.0000690,2.8263004
167.00,81.9000700,2.8263004
167.00,82.8000720,2.8263004
167.00,83.7000730,2.8263004
167.00,84.6000750,2.8263004
166.00,85.5000760,2.8263004
166.00,86.4000780,2.8263004
167.00,87.3000790,2.8263004
167.00,88.2000810,2.8263004
167.00,89.1000820,2.8263004
167.00,90.0000840,2.8263004
166.00,90.9000850,2.8263004
166.00,91.8000870,2.8263004
166.00,92.7000890,2.8263004
166.00,93.6000900,2.8263004
166.00,94.5000920,2.8263004
165.00,95.4000930,2.8263004
166.00,96.3000950,2.8263004
166.00,97.2000960,2.8263004
166.00,98.1000980,2.8263004
166.00,99.0000990,2.8263004
165.00,99.9001010,2.8263004
166.00,100.8001000,2.8263004
166.00,101.7001000,2.8263004
166.00,102.6001100,2.8263004
165.00,103.5001100,2.8263004
165.00,104.4001100,2.8263004
165.00,105.3001100,2.8263004
165.00,106.2001100,2.8263004
165.00,107.1001100,2.8263004
165.00,108.0001100,2.8263004
165.00,108.9001200,2.8263004
165.00,109.8001200,2.8263004
165.00,110.7001200,2.8263004
165.00,111.6001200,2.8263004
165.00,112.5001200,2.8263004
165.00,113.4001200,2.8263004
165.00,114.3001300,2.8263004
165.00,115.2001300,2.8263004
164.00,116.1001300,2.8263004
164.00,117.0001300,2.8263004
165.00,117.9001300,2.8263004
164.00,118.8001300,2.8263004
164.00,119.7001300,2.8263004
164.00,120.6001400,2.8263004
164.00,121.5001400,2.8263004
164.00,122.4001400,2.8263004
164.00,123.3001400,2.8263004
164.00,124.2001400,2.8263004
164.00,125.1001400,2.8263004
164.00,126.0001400,2.8263004
164.00,126.9001500,2.8263004
164.00,127.8001500,2.8263004
164.00,128.7001500,2.8263004
164.00,129.6001400,2.8263004
164.00,130.5001400,2.8263004
164.00,131.4001300,2.8263004
164.00,132.3001300,2.8263004
165.00,133.2001200,2.8263004
164.00,134.1001100,2.8263004
164.00,135.0001100,2.8263004
164.00,135.9001000,2.8263004
163.00,136.8000900,2.8263004
164.00,137.7000900,2.8263004
164.00,138.6000800,2.8263004
163.00,139.5000800,2.8263004
164.00,140.4000700,2.8263004
164.00,141.3000600,2.8263004
163.00,142.2000600,2.8263004
